run_id,model_key,model_name,use_smote,roc_auc,pr_auc,f1_at_05,best_threshold,f1_best_threshold,precision_best_threshold,recall_best_threshold,positive_rate_best_threshold,cv_roc_auc_mean,cv_pr_auc_mean,run_fig_dir,run_val_pred_path,run_model_path
56e3d7b850c24eb78a05b2a232f30fd5,rf,Random Forest,0,0.9597673792329168,0.7308373886025011,0.562874251497006,0.2,0.6840659340659341,0.6352040816326531,0.7410714285714286,0.07771609833465504,0.9639305492522121,0.7550421664334488,reports/figures/runs/56e3d7b850c24eb78a05b2a232f30fd5,reports/metrics/runs/val_predictions_56e3d7b850c24eb78a05b2a232f30fd5.csv,
ac3728d8031f42b3903ee39a2ee054df,lgbm,LightGBM,0,0.9388701981429785,0.6921897212661422,0.5995475113122172,0.75,0.6578947368421053,0.646551724137931,0.6696428571428571,0.0689928628072958,0.9535118658800096,0.7216004775648615,,,
edafe62128ed4e30b5918446ecaad1f5,rf,Random Forest,1,0.9522491478537041,0.6885022409644052,0.6730769230769231,0.5,0.6730769230769231,0.625,0.7291666666666666,0.07771609833465504,0.9603550800867108,0.7427653301491691,,,
02715794e6724a799af0b0bb8477f80b,logreg,Logistic Regression,0,0.8356071984868714,0.34694600417567106,0.31985065339141255,0.7,0.46306504961411243,0.36777583187390545,0.625,0.11320380650277558,0.847694139333475,0.33843015613116073,,,
63a59184c8984304995646187c7d8888,logreg,Logistic Regression,1,0.8122521948456528,0.3327959376325264,0.324142568930733,0.65,0.4310171198388721,0.3257229832572298,0.6369047619047619,0.130253766851705,0.8337961459390875,0.3391850137439704,,,
