{
  "run_id": "ae0190fa9fd84203be2f2e9fc02648ad",
  "run_name": "rf|smote=0",
  "model_name": "Random Forest",
  "variant": "nosmote",
  "use_smote": false,
  "roc_auc": 0.9562097580003441,
  "pr_auc": 0.7332958097295544,
  "f1_at_05": 0.6204173716864072,
  "best_threshold": 0.3,
  "f1_best_threshold": 0.6873652436394998,
  "precision_best_threshold": 0.6469155844155844,
  "recall_best_threshold": 0.7332106715731371,
  "positive_rate_best_threshold": 0.07957114254343474,
  "cv_roc_auc_mean": 0.9618161436374205,
  "cv_pr_auc_mean": 0.7492220933577087,
  "selection_metric": "pr_auc",
  "is_best": true,
  "split_strategy": "stratified_holdout_80_20",
  "split_test_size": 0.2,
  "n_total_labeled": 77413,
  "n_train": 61930,
  "n_test": 15483,
  "train_share": 0.7999948329092013,
  "test_share": 0.2000051670907987,
  "train_positive_rate": 0.07022444695624092,
  "test_positive_rate": 0.0702060324226571
}